{
    "A two dollar bill from 1953 is worth what": [
        "https://www.youtube.com/watch?v=nCUTKX5FIMs",
        "https://www.uscurrencyauctions.com/$2-us-currency-value-price-guide.html",
        "https://craftbuds.com/1953-2-dollar-bill/",
        "https://www.coinvaluelookup.com/1953-2-dollar-bill-value/",
        "https://nedluddpdx.com/rare-1953-2-dollar-bill-value/",
        "https://www.vipartfairs.com/1953-2-dollar-bill-value/",
        "https://www.coinvaluechecker.com/how-much-is-1953-2-dollar-bill-worth/",
        "https://www.silverrecyclers.com/blog/1953-2-dollar-bill.aspx",
        "https://errorcoins.org/1953-2-dollar-bill-value-a-b-c-mint-mark/",
        "https://oldcurrencyvalues.com/1953_red_seal_two_dollar/"
    ],
    "What is franky jonas 's favorite color": [
        "https://healthyceleb.com/frankie-jonas/",
        "https://hollywoodlife.com/feature/who-is-frankie-jonas-all-about-the-youngest-jonas-brother-5168717/",
        "https://www.legit.ng/1332675-frankie-jonas-bio-age-height-net-worth-college-brothers.html",
        "https://www.popsugar.com/fashion/frankie-jonas-fashion-interview-48271781",
        "https://jonas.fandom.com/wiki/Frankie_Jonas",
        "https://www.bustle.com/entertainment/frankie-jonas-interview-family-mental-health",
        "https://people.com/all-about-frankie-jonas-7552280",
        "https://facts.net/celebrity/43-facts-about-frankie-jonas/",
        "https://en.wikipedia.org/wiki/Frankie_Jonas",
        "https://www.capitalfm.com/artists/the-jonas-brothers/frankie-jonas-age-job-info/"
    ],
    "Is there an emergency action plan": [
        "https://www.osha.gov/emergency-preparedness/getting-started",
        "https://safetymadesimple.com/emergency-action-plans/",
        "https://www.hseblog.com/key-elements-in-the-emergency-action-plan-eap/",
        "https://www.alertmedia.com/blog/emergency-action-plan/",
        "https://safetyculture.com/topics/emergency-action-plan/",
        "https://www.osha.gov/etools/evacuation-plans-procedures/eap/",
        "https://www.osha.com/blog/osha-eap",
        "https://www.osha.gov/etools/evacuation-plans-procedures/eap/develop-implement",
        "https://safetymanagementgroup.com/blog/the-seven-elements-of-successful-emergency-action-planning/",
        "https://www.nfpa.org/news-blogs-and-articles/blogs/2018/02/23/nfpa-1-emergency-action-plans-when-are-they-required-and-what-do-i-include-firecodefridays"
    ],
    "How much does medical insurance cost for a single person": [
        "https://www.healthcare.gov/apply-and-enroll/health-insurance-plans-estimator-overview/",
        "https://www.usatoday.com/money/blueprint/health-insurance/how-much-is-health-insurance/",
        "https://www.forbes.com/advisor/health-insurance/how-much-is-obamacare/",
        "https://www.quotewizard.com/health-insurance/how-much-does-health-insurance-cost",
        "https://www.valuepenguin.com/average-cost-of-health-insurance",
        "https://www.ehealthinsurance.com/resources/individual-and-family/how-much-does-individual-health-insurance-cost",
        "https://www.healthmarkets.com/resources/health-insurance/health-insurance-cost-per-month/",
        "https://www.forbes.com/advisor/health-insurance/how-much-does-health-insurance-cost/",
        "https://www.moneygeek.com/insurance/health/average-cost-of-health-insurance/",
        "https://www.anthem.com/individual-and-family/insurance-basics/health-insurance/health-insurance-for-single-adults"
    ],
    "What is noah cyrus address so you can send her a fan mail": [
        "https://talesfromthecollection.com/noah-cyrus/",
        "https://www.rollingstone.com/music/music-features/noah-cyrus-new-album-hardest-part-1371223/",
        "https://www.grammy.com/news/meet-the-first-time-grammy-nominee-noah-cyrus",
        "https://www.thezoereport.com/culture/who-is-noah-cyrus",
        "https://genius.com/artists/Noah-cyrus",
        "https://www.cbsnews.com/losangeles/news/who-is-noah-cyrus/",
        "https://www.answers.com/music-and-radio/What_is_Noah_Cyrus%27_official_fan_mail_address",
        "https://en.wikipedia.org/wiki/Noah_Cyrus",
        "https://www.facebook.com/NoahCyrus/",
        "http://www.fanmail.biz/17441.html"
    ],
    "Have many points did wayne getzky get": [
        "https://www.statmuse.com/nhl/ask/wayne-gretzky-points-by-year",
        "https://www.sportskeeda.com/us/nhl/wayne-gretzky-records",
        "https://www.hockey-reference.com/players/g/gretzwa01.html",
        "https://www.sportingnews.com/us/nhl/news/wayne-gretzky-records-goals-stats/aitpmaxseycg9e90dt6mdaqu",
        "https://www.espn.com/nhl/player/stats/_/id/4128/wayne-gretzky",
        "https://en.wikipedia.org/wiki/Wayne_Gretzky",
        "https://www.sportingnews.com/us/nhl/news/wayne-gretzky-by-the-numbers-the-great-one-nhl-career/a59re950thwg1bmst853ttoc6",
        "https://thehockeynews.com/news/yes-wayne-gretzkys-nhl-point-record-remains-ridiculously-out-of-reach",
        "https://www.hockeydb.com/ihdb/stats/pdisplay.php?pid=2035",
        "https://www.statmuse.com/nhl/player/wayne-gretzky-2501"
    ],
    "How wide can vagina 's get": [
        "https://goaskalice.columbia.edu/answered-questions/how-deep-average-vagina-and-does-it-elongate-when-somethings-it",
        "https://www.webmd.com/women/features/vagina-size",
        "https://www.psychologytoday.com/us/blog/all-about-sex/201109/the-rare-truth-about-tight-and-loose-women",
        "https://www.yahoo.com/lifestyle/having-lot-sex-loose-vagina-202958384.html",
        "https://www.medicalnewstoday.com/articles/video-how-deep-is-a-vagina",
        "https://en.wikipedia.org/wiki/Human_vaginal_size",
        "https://www.healthline.com/health/womens-health/how-deep-is-a-vagina",
        "https://www.news-medical.net/health/Average-Labia-and-Clitoral-Length.aspx",
        "https://health.clevelandclinic.org/is-my-vagina-normal",
        "https://www.plannedparenthood.org/blog/i-know-a-vagina-can-stretch-in-width-but-can-it-stretch-in-depth"
    ],
    "Calories in a lollipop": [
        "https://www.fatsecret.co.uk/calories-nutrition/generic/lollipops",
        "https://www.fatsecret.com/calories-nutrition/generic/lollipops?portionid=343579&portionamount=100.000",
        "https://www.fatsecret.co.in/calories-nutrition/generic/lollipops?portionid=343441&portionamount=1.000",
        "https://facts.net/lifestyle/food/11-lollipop-nutrition-facts/",
        "https://www.fatsecret.com/calories-nutrition/generic/lollipops?portionid=343441&portionamount=1.000",
        "https://www.nutritionix.com/food/lollipop",
        "https://www.mynetdiary.com/food/calories-in-lollipop-lollipop-29644522-0.html",
        "https://www.mynetdiary.com/food/calories-in-original-lollipops-by-jolly-rancher-lollipop-30868689-0.html",
        "https://www.fatsecret.co.uk/calories-nutrition/generic/lollipops?portionid=343489&portionamount=1.000&frc=True",
        "https://www.calorieking.com/us/en/foods/f/calories-in-candy-lollipops/jacK7QXGToK9axUZoCMpkA"
    ],
    "Pdf password cracker v 3.1 registration key": [
        "https://passper.imyfone.com/pdf-password-recovery/",
        "https://filehippo.com/download_pdf-password-remover/3.1/",
        "https://keygenguru.com/qgf/pdf-password-remover-v3-1.html",
        "https://www.softpedia.com/get/Security/Decrypting-Decoding/iSumsoft-PDF-Password-Refixer.shtml",
        "https://pdf.wondershare.com/pdf-password-remover/",
        "https://keygenguru.com/lw/pdf+password+removeer+v3.1/",
        "https://www.elcomsoft.com/apdfpr.html",
        "https://filehippo.com/download_pdf-password-locker-and-remover/3.1.1.0/",
        "https://filehippo.com/download_pdf-password-locker-and-remover/",
        "https://smartserials.com/view.php?id=Pdf-Password-Remover-3.1-33665.htm"
    ],
    "Another name for karyokinesis": [
        "https://www.dictionary.com/browse/karyokinesis",
        "https://www.sciencedirect.com/topics/medicine-and-dentistry/karyokinesis",
        "https://www.powerthesaurus.org/karyokinesis/synonyms",
        "https://medical-dictionary.thefreedictionary.com/karyokinesis",
        "https://www.vocabulary.com/dictionary/karyokinesis",
        "https://byjus.com/biology/difference-between-karyokinesis-and-cytokinesis/",
        "https://bio.libretexts.org/Bookshelves/Introductory_and_General_Biology/General_Biology_1e_(OpenStax)/2%3A_The_Cell/10%3A_Cell_Reproduction/10.2%3A_The_Cell_Cycle",
        "https://biodifferences.com/difference-between-cytokinesis-and-karyokinesis.html",
        "https://www.wordhippo.com/what-is/another-word-for/karyokinesis.html",
        "https://www.merriam-webster.com/dictionary/karyokinesis"
    ],
    "What continent you indonesia on": [
        "https://www.britannica.com/place/Indonesia",
        "https://worldstatsandfacts.com/asia/indonesia/",
        "https://www.nationsonline.org/oneworld/indonesia.htm",
        "https://www.thoughtco.com/geography-of-indonesia-1435052",
        "https://en.wikipedia.org/wiki/Geography_of_Indonesia",
        "https://en.wikipedia.org/wiki/Indonesia",
        "https://www.worldatlas.com/articles/what-continent-is-indonesia-in.html",
        "https://www.cia.gov/the-world-factbook/countries/indonesia/",
        "https://www.worldatlas.com/maps/indonesia",
        "https://www.sporcle.com/blog/2018/07/where-is-indonesia-what-continent-is-indonesia-in/"
    ],
    "Do deers live in savanna": [
        "https://africafreak.com/african-deer",
        "https://socratic.org/questions/do-deers-live-in-savannah",
        "https://mdc.mo.gov/discover-nature/habitats/grasslands-prairies-savannas/savannas",
        "https://worlddeer.org/deer-habitat/",
        "https://www.deeranddeerhunting.com/content/articles/tv-shows/create-incredible-oak-savanna-deer-habitat",
        "https://www.animalwised.com/what-is-the-habitat-of-the-white-tailed-deer-1359.html",
        "https://www.animalspot.net/savanna-animals",
        "https://a-z-animals.com/animals/lists/animals-that-live-in-the-savanna-2/",
        "https://www.treehugger.com/land-biomes-savannas-373494",
        "https://www.deeranddeerhunting.com/content/articles/how-to-turn-a-habitat-into-an-incredible-oak-savanna"
    ],
    "What did lice cause in ww1": [
        "https://www.kumc.edu/school-of-medicine/academics/departments/history-and-philosophy-of-medicine/archives/wwi/essays/medicine/trench-fever.html",
        "https://theconversation.com/endless-itching-how-anzacs-treated-lice-in-the-trenches-with-poetry-and-their-own-brand-of-medicine-155140",
        "https://www.iwm.org.uk/history/how-to-keep-clean-and-healthy-in-the-trenches",
        "https://www.warmuseum.ca/firstworldwar/history/life-at-the-front/trench-conditions/rats-lice-and-exhaustion/",
        "https://owlcation.com/humanities/Trench-Fever-in-World-War-1",
        "https://academic.oup.com/book/27387/chapter/197178375",
        "https://www.historyhit.com/mud-floods-lice-world-war-one-trench-experience/",
        "https://www.firstworldwar.com/atoz/bodylice.htm",
        "https://spartacus-educational.com/FWWlice.htm",
        "https://en.wikipedia.org/wiki/Trench_fever"
    ],
    "What women invented the brush": [
        "https://lemelson.mit.edu/resources/lyda-newman",
        "http://women-inventors.com/Lyda-Newman.asp",
        "https://www.thoughtco.com/inventor-lyda-newman-1991285",
        "https://aaregistry.org/story/black-woman-patents-hair-brush/",
        "https://www.blackpast.org/african-american-history/lyda-newman-1885/",
        "https://tellersuntold.com/lyda-d-newman/",
        "https://www.biography.com/activists/lyda-newman",
        "https://face2faceafrica.com/article/womens-history-month-meet-lydia-newman-inventor-improved-hairbrush",
        "https://www.popsugar.com/beauty/who-invented-hairbrush-43255809",
        "https://en.wikipedia.org/wiki/Lyda_D._Newman"
    ],
    "What is the order of electromagnetic radiation decreasing frequency": [
        "https://en.wikipedia.org/wiki/Electromagnetic_radiation",
        "https://www.britannica.com/science/electromagnetic-spectrum",
        "https://sciencenotes.org/electromagnetic-spectrum-definition-and-explanation/",
        "https://sciencing.com/electromagnetic-spectrum-frequencies-wavelengths-w-diagrams-examples-13721432.html",
        "https://en.wikipedia.org/wiki/Electromagnetic_spectrum",
        "https://www.livescience.com/38169-electromagnetism.html",
        "https://radiojove.gsfc.nasa.gov/education/educationalcd/RadioAstronomyTutorial/Workbook%20PDF%20Files/Chapter2.pdf",
        "https://imagine.gsfc.nasa.gov/science/toolbox/emspectrum1.html",
        "https://www.physicsbook.gatech.edu/Electromagnetic_Radiation",
        "https://www.bbc.co.uk/bitesize/guides/zdx4t39/revision/2"
    ],
    "New tropicana advert": [
        "https://www.youtube.com/watch?v=wU1vvxQrufY",
        "https://www.thedrum.com/news/2022/01/20/ad-the-day-tropicana-adds-drop-sunshine-catastrophic-day",
        "https://adage.com/article/hot-spots/new-commercials-tropicana-refreshers-bud-light-easy-sunday-peyton-manning-chevron-techron-fanduel/2576516",
        "https://www.thedrum.com/news/2024/03/14/ad-the-day-tropicana-reminds-us-how-unbearable-life-would-be-if-oj-went-awol",
        "https://www.ispot.tv/ad/q3GN/tropicana-snow-song-by-ella-fitzgerald",
        "https://www.youtube.com/watch?v=s-J_wLa7xww",
        "https://www.marketingdive.com/news/tropicana-marketing-campaign-juice-starts-it-all/710481/",
        "https://www.youtube.com/watch?v=BxS3yx1pelY",
        "https://www.talkingretail.com/products-news/soft-drinks/tropicana-announces-its-creative-campaign-its-that-juice-21-06-2023/",
        "https://dailycommercials.com/tropicana-just-another-day/"
    ],
    "Where did siddartha Gautama live and teach": [
        "https://en.wikipedia.org/wiki/The_Buddha",
        "https://www.britannica.com/topic/Buddhism/The-life-of-the-Buddha",
        "https://www.worldhistory.org/Siddhartha_Gautama/",
        "https://www.metmuseum.org/TOAH/HD/buda/hd_buda.htm",
        "https://www.britannica.com/summary/Buddha-founder-of-Buddhism",
        "https://www.livescience.com/who-was-siddhartha-gautama-the-buddha",
        "https://www.bbc.co.uk/religion/religions/buddhism/history/history.shtml",
        "https://www.britannica.com/biography/Buddha-founder-of-Buddhism",
        "https://www.biography.com/religious-figures/buddha",
        "https://www.learnreligions.com/the-life-of-the-buddha-449997"
    ],
    "2003 GMC yukon ignition": [
        "https://www.autozone.com/parts/ignition-tune-up-and-routine-maintenance/ignition-switch-and-wiring/gmc/yukon/2003",
        "https://www.gmpartscenter.net/v-2003-gmc-yukon--slt--5-3l-v8-flex/ignition--primary-ignition",
        "https://www.autozone.com/batteries-starting-and-charging/ignition-switch/gmc/yukon/2003",
        "https://www.oreillyauto.com/shop/b/ignition---tune-up/ignition-switch/50869fabaea6/v/a/4305/automotive-suv-2003-gmc-yukon",
        "https://www.gmpartscenter.net/v-2003-gmc-yukon--denali--6-0l-v8-gas/electrical--ignition-system",
        "https://shop.advanceautoparts.com/find/2003-gmc-yukon-ignition-and-tune-up-products",
        "https://www.rockauto.com/en/catalog/gmc,2003,yukon,5.3l+v8,1415551,ignition,ignition+coil,7060",
        "https://shop.advanceautoparts.com/find/2003-gmc-yukon-ignition-switches",
        "https://www.autozone.com/parts/ignition-tune-up-and-routine-maintenance/gmc/yukon/2003",
        "https://www.oreillyauto.com/shop/b/ignition---tune-up/ignition-module-control-unit-ignitor/9331d0e7f826/v/a/4305/automotive-suv-2003-gmc-yukon"
    ],
    "What is the value of 1928 us 50 bill": [
        "https://oldcurrencyvalues.com/1928__50_bill/",
        "https://www.ebay.com/b/50-1928-Year-US-Federal-Reserve-Small-Notes/40029/bn_71225511",
        "https://oldmoneyprices.com/old-50-dollar-bills/",
        "https://oldmoneyprices.com/value-of-old-50-dollar-bills/",
        "https://www.papermoneywanted.com/1928-fifty-dollar-federal-reserve-notes",
        "https://www.in2013dollars.com/us/inflation/1928",
        "https://oldcurrencyvalues.com/1928_fifty_dollar_bill/",
        "https://oldcurrencyvalues.com/1928a_fifty_dollar_bill/",
        "https://www.uscurrencyauctions.com/$50-us-currency-value-price-guide.html",
        "https://en.wikipedia.org/wiki/Series_of_1928_(United_States_Currency)"
    ],
    "Where is alpha amylase released": [
        "https://www.britannica.com/science/amylase",
        "https://healthjade.com/amylase/",
        "https://en.wikipedia.org/wiki/%CE%91-Amylase",
        "https://www.sciencedirect.com/topics/biochemistry-genetics-and-molecular-biology/alpha-amylase",
        "https://www.britannica.com/science/alpha-amylase",
        "https://en.wikipedia.org/wiki/Amylase",
        "https://www.ncbi.nlm.nih.gov/books/NBK557738/",
        "https://www.gastro.theclinics.com/article/S0889-8553(21)00514-8/fulltext",
        "https://www.sciencedirect.com/topics/agricultural-and-biological-sciences/alpha-amylase",
        "https://www.ncbi.nlm.nih.gov/pmc/articles/PMC7335993/"
    ],
    "Which Band did Krauss join": [
        "https://en.wikipedia.org/wiki/Alison_Krauss_%26_Union_Station",
        "https://en.wikipedia.org/wiki/Alison_Krauss_discography",
        "https://classiccountrymusic.com/6-facts-about-alison-krauss-life-career/",
        "https://genius.com/artists/Alison-krauss-and-union-station",
        "https://www.grammy.com/artists/alison-krauss-union-station/7774",
        "https://renownedforsound.com/interview-alison-krauss-and-union-station/",
        "https://www.britannica.com/biography/Alison-Krauss",
        "https://en.wikipedia.org/wiki/Alison_Krauss",
        "https://www.rollingstone.com/music/music-news/alison-krauss-reflects-on-making-first-album-with-union-station-since-2004-237794/",
        "https://www.nytimes.com/2011/08/04/arts/music/alison-krauss-and-union-station-music-review.html"
    ],
    "What is the use of fruits": [
        "https://www.medicalnewstoday.com/articles/324431",
        "https://www.verywellhealth.com/healthy-fruits-8656066",
        "https://www.nutritionadvance.com/healthy-foods/types-of-fruit/",
        "https://www.healthline.com/nutrition/healthy-fruit",
        "https://leafyplace.com/types-of-fruits/",
        "https://www.britannica.com/science/fruit-plant-reproductive-body",
        "https://en.wikipedia.org/wiki/Fruit",
        "https://www.healthline.com/nutrition/super-fruit",
        "https://leafyplace.com/fruits/",
        "https://www.health.com/healthiest-fruits-8606077"
    ],
    "Where do sugar gliders like to live": [
        "https://www.activewild.com/sugar-glider-facts/",
        "https://wildexplained.com/animal-encyclopedia/everything-you-need-to-know-about-sugar-gliders/",
        "https://animals.sandiegozoo.org/animals/sugar-glider",
        "https://animalia.bio/sugar-glider",
        "https://en.wikipedia.org/wiki/Sugar_glider",
        "https://animals.net/sugar-glider/",
        "https://www.nationalgeographic.com/animals/mammals/facts/sugar-glider",
        "https://www.thesprucepets.com/sugar-glider-facts-1237340",
        "https://a-z-animals.com/animals/sugar-glider/",
        "https://ielc.libguides.com/sdzg/factsheets/sugarglider/behavior"
    ],
    "How many championships have lakers": [
        "https://champsorchumps.us/team/nba/los-angeles-lakers",
        "https://lakersnation.com/how-many-nba-championship-titles-have-the-los-angeles-lakers-won/",
        "https://www.lakersuniverse.com/championships.htm",
        "https://www.nba.com/lakers/history/history-main",
        "https://champsorchumps.us/team/nba/los-angeles-lakers/championships",
        "https://en.wikipedia.org/wiki/Los_Angeles_Lakers",
        "https://www.statmuse.com/nba/ask/how-many-championships-have-the-lakers-won",
        "https://www.sportskeeda.com/basketball/los-angeles-lakers-final-appearances",
        "https://www.sportskeeda.com/basketball/news-how-many-championships-lakers-have-exploring-franchise-s-achievements",
        "https://www.basketball-reference.com/teams/LAL/"
    ],
    "What are china major rivers and deserts": [
        "https://www.britannica.com/place/China/Relief",
        "https://www.chinatravel.com/guide/china-geography",
        "https://www.chinatravel.com/guide/top-china-rivers",
        "https://windhorsetour.com/china-travel-tips/china-geography",
        "https://chinafolio.com/chinas-geography/",
        "https://asiasociety.org/education/understanding-geography-china",
        "https://www.travelchinaguide.com/intro/geography/",
        "https://www.worldatlas.com/maps/china",
        "https://en.wikipedia.org/wiki/Geography_of_China",
        "https://www.thoughtco.com/introduction-to-chinas-physical-geography-687986"
    ],
    "What do dholes eat": [
        "https://www.theanimalfacts.com/mammals/dhole/",
        "https://www.dublinzoo.ie/animal/dhole/",
        "https://sdzwildlifeexplorers.org/animals/dhole",
        "https://www.activewild.com/dhole/",
        "https://www.nationalgeographic.com/animals/mammals/facts/dholes",
        "https://en.wikipedia.org/wiki/Dhole",
        "https://animals.sandiegozoo.org/animals/dhole",
        "https://www.explorationjunkie.com/dhole/",
        "https://animalia.bio/dhole",
        "https://www.animalspot.net/dhole.html"
    ],
    "Stereo wiring diagram for a 1991 Toyota Camry": [
        "https://www.toyotaguru.us/camry-repair/camry-electrical-wiring-diagram.html",
        "https://portal-diagnostov.com/en/2020/05/02/radio-toyota-camry-1991-system-wiring-diagrams/",
        "https://toyotaresource.com/toyota-camry-stereo-wiring-diagram/",
        "https://www.toyotanation.com/threads/1991-camry-radio-replacement-nightmare.356276/",
        "https://my.prostreetonline.com/2016/01/03/how-to-toyota-camry-stereo-wiring-diagram/",
        "https://www.the12volt.com/installbay/stereodetail/2041.html",
        "https://www.modifiedlife.com/1991-toyota-camry-stereo-wiring-guide/",
        "https://www.modifiedlife.com/toyota-car-radio-wiring-diagrams/",
        "https://www.manualslib.com/manual/482783/Toyota-Camry-Sv21.html",
        "https://servicingmanuals.com/cars/toyota/camry/"
    ],
    "Names of divine horses on howrse": [
        "https://www.howrse.com/member/helpCenter/question?id=92",
        "https://howrse.fandom.com/wiki/Category:Wind_Divines",
        "https://howrse.fandom.com/wiki/Category:Divine_Horses",
        "https://thesecretsofhowrse.weebly.com/divines-and-specials.html",
        "http://thebookofhowrse.weebly.com/divines--specials.html",
        "https://www.howrse.com/dossiers/divins/mythologique",
        "https://howrse.fandom.com/wiki/Divine_Horses",
        "https://us.howrse.com/dossiers/divins/prehistoriques",
        "https://www.howrse.com/dossiers/divins/grail",
        "https://us.howrse.com/dossiers/divins/astro"
    ],
    "What is the population of teachers in the US": [
        "https://nces.ed.gov/programs/coe/indicator/clr/public-school-teachers",
        "https://www.weareteachers.com/how-many-teachers-are-in-the-us/",
        "https://nces.ed.gov/fastfacts/display.asp?id=28",
        "https://www.pewresearch.org/social-trends/2024/04/04/whats-it-like-to-be-a-teacher-in-america-today/",
        "https://usafacts.org/data/topics/people-society/education/k-12-education/teachers/",
        "https://www.statista.com/statistics/185012/number-of-teachers-in-elementary-and-secondary-schools-since-1955/",
        "https://www.usatoday.com/story/graphics/2024/03/19/teacher-shortage-crisis-explained/72958393007/",
        "https://nces.ed.gov/pubs2020/2020142.pdf",
        "https://www.census.gov/library/stories/2022/01/nations-teachers-more-diverse-but-still-lag-racial-ethnic-makeup-of-students.html",
        "https://usafacts.org/articles/who-are-the-nations-4m-teachers/"
    ],
    "How did Fidel V Ramos campaigned": [
        "https://www.rappler.com/philippines/fidel-ramos-profile-obituary/",
        "https://www.encyclopedia.com/people/history/philippines-history-biographies/fidel-valdez-ramos",
        "https://en.wikipedia.org/wiki/Presidency_of_Fidel_V._Ramos",
        "https://www.scmp.com/week-asia/opinion/article/3187891/why-people-power-figure-fidel-ramos-presidency-was-high-point-now",
        "https://en.wikipedia.org/wiki/Fidel_V._Ramos",
        "https://opinion.inquirer.net/155706/fvr-the-unwritten-biography",
        "https://opinion.inquirer.net/172085/reminiscing-fvr",
        "https://www.latimes.com/archives/la-xpm-1995-11-05-op-65072-story.html",
        "https://borgenproject.org/fidel-ramos-legacy/",
        "https://www.britannica.com/biography/Fidel-Ramos"
    ],
    "What are this 13 systems of human body": [
        "https://www.britannica.com/science/human-body-systems-2237111",
        "https://www.verywellhealth.com/organ-system-1298691",
        "https://biologydictionary.net/body-systems/",
        "https://www.britannica.com/science/human-body",
        "https://thesciencearena.com/human-body-systems-their-functions-organs-and-anatomy-guide/",
        "https://www.innerbody.com/htm/body.html",
        "https://www.livescience.com/37009-human-body.html",
        "https://en.wikipedia.org/wiki/List_of_systems_of_the_human_body",
        "https://anatomynotes.org/the-human-body-systems-overview-functions-and-anatomy/",
        "https://www.kenhub.com/en/library/anatomy/human-body-systems"
    ],
    "What are the Flickertail 's eating habits": [
        "https://birdfact.com/articles/what-do-northern-flickers-eat",
        "https://birdfact.com/articles/northern-flicker-nesting",
        "https://birdsoftheworld.org/bow/species/norfli/cur/foodhabits",
        "https://www.allaboutbirds.org/guide/Northern_Flicker/lifehistory",
        "https://dl.allaboutbirds.org/northern-flicker",
        "https://www.allaboutbirds.org/guide/Northern_Flicker/overview",
        "https://www.wild-bird-watching.com/Northern_Flicker.html",
        "https://www.audubon.org/field-guide/bird/northern-flicker",
        "https://birdzpedia.com/the-northern-flicker-a-comprehensive-guide-to-one-of-north-americas-most-fascinating-woodpeckers/",
        "https://animalia.bio/index.php/northern-flicker"
    ],
    "What kind of money does croatia have": [
        "https://vibeincroatia.com/croatian-currency/",
        "https://split.gg/croatian-currency/",
        "https://www.visit-croatia.co.uk/information-on-croatia/money-in-croatia/",
        "https://croatia.hr/en-gb/money/currency",
        "https://novaljalocal.com/money-in-croatia/",
        "https://www.croatiawise.com/currency-in-croatia.html",
        "https://www.sail-croatia.com/resources/currency-in-croatia",
        "https://wise.com/us/blog/money-and-banks-in-croatia",
        "https://wise.com/gb/travel-money/croatian-currency",
        "https://www.absolute-croatia.com/croatia/travel-information/currency"
    ],
    "What do our circulatory system includes": [
        "https://www.kenhub.com/en/library/anatomy/circulatory-system",
        "https://www.healthgrades.com/right-care/heart-health/circulatory-system",
        "https://my.clevelandclinic.org/health/body/21775-circulatory-system",
        "https://www.britannica.com/science/circulatory-system",
        "https://www.verywellhealth.com/cardiovascular-system-8695175",
        "https://www.healthline.com/health/circulatory-system",
        "https://my.clevelandclinic.org/health/body/circulatory-and-cardiovascular-system",
        "https://my.clevelandclinic.org/health/body/21833-cardiovascular-system",
        "https://en.wikipedia.org/wiki/Circulatory_system",
        "https://www.healthline.com/human-body-maps/circulatory-system"
    ],
    "A vaccination produces what kind of immunity": [
        "https://www.chop.edu/vaccine-education-center/human-immune-system/types-immunity",
        "https://www.cdc.gov/vaccines/hcp/conversations/understanding-vacc-work.html",
        "https://www.who.int/news-room/questions-and-answers/item/vaccines-and-immunization-what-is-vaccination",
        "https://www.chop.edu/vaccine-education-center/science-history/vaccine-science/how-do-vaccines-work",
        "https://www.yalemedicine.org/news/vaccine-basics",
        "https://www.who.int/news-room/feature-stories/detail/how-do-vaccines-work",
        "https://www.hhs.gov/immunization/basics/types/index.html",
        "https://www.csiro.au/en/news/All/Articles/2021/September/how-do-vaccines-work",
        "https://www.cdc.gov/vaccines/basics/immunity-types.html",
        "https://www.who.int/europe/news-room/fact-sheets/item/how-vaccines-work"
    ],
    "Where does Justin Timbelake live": [
        "https://crazyluxuryhomes.com/inside-yellowstone-club-where-justin-timberlake-and-jessica-biel-reside/",
        "https://celebanswers.com/where-does-justin-timberlake-live/",
        "https://www.distractify.com/p/justin-timberlake-house-montana",
        "https://people.com/inside-justin-timberlake-jessica-biel-under-the-radar-family-life-montana-exclusive-8391610",
        "https://www.architecturaldigest.com/story/justin-timberlake-lists-127-acre-nashville-area-property-for-dollar10-million",
        "https://www.hellomagazine.com/homes/20220831149716/justin-timberlake-jessica-biel-montana-home-ski-resort-inside-photos/",
        "https://www.hellomagazine.com/homes/20230120162304/jessica-biel-unseen-look-home-justin-timberlake/",
        "https://www.scmp.com/magazines/style/celebrity/article/3152221/inside-justin-timberlake-and-jessica-biels-multimillion",
        "https://nypost.com/2021/10/06/justin-timberlake-and-jessica-biel-list-35-million-la-home/",
        "https://www.eonline.com/news/1316094/go-inside-justin-timberlake-and-jessica-biels-s29-million-new-york-city-penthouse"
    ],
    "Is corllins university a credited legal college": [
        "https://archive.attn.com/stories/16237/high-school-students-investigate-principal",
        "https://www.npr.org/sections/thetwo-way/2017/04/05/522747377/student-newspapers-fact-check-results-in-new-principals-resignation",
        "https://www.usnews.com/best-graduate-schools/top-law-schools/law-rankings",
        "https://en.wikipedia.org/wiki/List_of_unaccredited_institutions_of_higher_education",
        "https://www.insidehighered.com/quicktakes/2017/04/10/unaccredited-college-uses-wake-forest-photograph",
        "https://www.nytimes.com/2017/04/05/us/high-school-journalists-principal-quits.html",
        "https://nationalpost.com/news/school-principal-resigns-after-student-journalists-investigate-her-questionable-degrees",
        "https://www.collegetransitions.com/blog/aba-accredited-online-law-schools/",
        "https://www.southbendtribune.com/story/news/education/2017/04/09/student-journalists-investigation-led-to-principals-resignatio/117123914/",
        "https://journalnow.com/news/local/wake-forest-university-acts-to-remove-grad-photo-used-by-other-college-in-fake-diploma/article_d40b7499-9c72-551b-8263-da1f9bc6cfe6.html"
    ],
    "What is a myocaridal infaraction": [
        "https://www.healthline.com/health/acute-myocardial-infarction",
        "https://www.cdc.gov/heart-disease/about/heart-attack.html",
        "https://www.heart.org/en/health-topics/heart-attack",
        "https://www.hopkinsmedicine.org/health/conditions-and-diseases/heart-attack",
        "https://www.medicinenet.com/heart_attack/article.htm",
        "https://www.merckmanuals.com/home/heart-and-blood-vessel-disorders/coronary-artery-disease/acute-coronary-syndromes-heart-attack-myocardial-infarction-unstable-angina",
        "https://en.wikipedia.org/wiki/Myocardial_infarction",
        "https://www.mayoclinic.org/diseases-conditions/heart-attack/symptoms-causes/syc-20373106",
        "https://www.heart.org/en/health-topics/heart-attack/about-heart-attacks",
        "https://www.ncbi.nlm.nih.gov/books/NBK537076/"
    ],
    "When did bobsledding first enter": [
        "https://www.britannica.com/summary/bobsledding",
        "https://www.olympedia.org/editions/29/sports/BOB",
        "https://olympstats.com/2014/01/10/bobsledding-factsheets/",
        "https://en.wikipedia.org/wiki/Bobsleigh",
        "https://contentbash.com/bobsledding-facts-trivia-history-rules-winter-olympic-sports/",
        "https://sportsfoundation.org/bobsledding-history/",
        "https://www.nbcolympics.com/news/bobsled-101-olympic-history",
        "https://olympics.com/en/sports/bobsleigh/",
        "https://www.olympedia.org/sports/BOB",
        "https://www.britannica.com/sports/bobsledding"
    ],
    "500 mg of cinnamon equal how many teaspoons": [
        "https://www.azcalculator.com/calc/milligrams-to-teaspoons.php",
        "https://www.inchcalculator.com/convert/milligram-to-teaspoon/",
        "https://ctrlcalculator.com/conversion/milligram-to-teaspoon-converter/",
        "https://www.tastingtable.com/841793/the-maximum-amount-of-cinnamon-you-can-safely-eat-each-day/",
        "https://www.chefsresource.com/how-many-grams-in-a-teaspoon-of-cinnamon/",
        "https://www.wikihow.com/Convert-Milligrams-to-Teaspoons",
        "https://www.omnicalculator.com/conversion/mg-to-teaspoon-converter",
        "https://calculatorcorp.com/mg-to-tsp-calculator/",
        "https://sweetishhill.com/how-many-milligrams-of-cinnamon-should-you-take-a-day/",
        "https://www.livestrong.com/article/495786-is-a-teaspoon-of-ground-cinnamon-good-for-you/"
    ],
    "How many religions in spain": [
        "https://culturalatlas.sbs.com.au/spanish-culture/spanish-culture-religion",
        "https://www.statista.com/statistics/992648/distribution-of-the-population-by-religious-beliefs-spain/",
        "https://www.statista.com/statistics/1220162/religious-affiliation-by-denomination-spain/",
        "https://www.worldatlas.com/articles/religion-in-spain.html",
        "https://www.learnreligions.com/spain-religion-history-and-statistics-4797953",
        "https://en.wikipedia.org/wiki/Religion_in_Spain",
        "https://en.wikipedia.org/wiki/Demographics_of_Spain",
        "https://www.state.gov/reports/2021-report-on-international-religious-freedom/spain/",
        "https://www.indexmundi.com/spain/religions.html",
        "https://www.spain.info/en/travel-tips/religions-spain/"
    ],
    "How many lice did bob marly have": [
        "https://blackshome.com/bob-marley-locs/",
        "https://www.msn.com/en-us/health/other/how-did-bob-marley-really-die-debunking-the-racist-myths/ar-BB1jBpKN",
        "https://www.hoshyoga.org/how-many-species-of-lice-were-found-in-bob-marleys-hair/",
        "https://www.grunge.com/1512258/false-facts-about-bob-marley-you-always-thought-were-true/",
        "https://ground.news/article/fact-check-were-19-different-species-of-lice-found-in-bob-marleys-hair-after-the-jamaican-artist-died",
        "https://www.biography.com/musicians/bob-marley-biography-facts",
        "https://barbersets.com/blogs/blogs/bob-marleys-iconic-dreadlocks-cultural-significance-and-care-tips",
        "https://abtc.ng/did-bob-marley-have-lice/",
        "https://www.reddit.com/r/NoStupidQuestions/comments/9vnfnd/did_bob_marley_really_have_over_70_species_of/",
        "https://www.skincancer.org/blog/bob-marley-should-not-have-died-from-melanoma/"
    ],
    "What were the domsetic consequences of world war 1": [
        "https://www.historyonthenet.com/effects-of-world-war-1",
        "https://today.duke.edu/2018/11/how-trauma-and-struggles-world-war-i-helped-shape-modern-world",
        "https://www.nationalgeographic.com/culture/article/world-war-i",
        "https://www.thoughtco.com/consequences-of-world-war-one-1222033",
        "https://www.history.com/topics/world-war-i/world-war-i-history",
        "https://www.britannica.com/summary/Causes-and-Effects-of-World-War-I",
        "https://www.britannica.com/event/World-War-I",
        "https://www.facinghistory.org/resource-library/world-war-choices-consequences",
        "https://en.wikipedia.org/wiki/Causes_of_World_War_I",
        "https://en.wikipedia.org/wiki/World_War_I"
    ],
    "What is the meaning of multitasking and multiuser operating system": [
        "https://www.geeksforgeeks.org/multitasking-operating-system/",
        "https://teachcomputerscience.com/multi-task-operating-systems/",
        "https://www.javatpoint.com/multitasking-operating-system",
        "https://www.scaler.com/topics/multitasking-operating-system/",
        "https://www.scaler.com/topics/multi-user-operating-system/",
        "https://www.geeksforgeeks.org/multi-user-operating-system/",
        "https://www.techtarget.com/searchdatacenter/definition/Unix",
        "https://stackoverflow.com/questions/79248/what-is-a-multitasking-operating-system",
        "https://www.prepbytes.com/blog/operating-system/multitasking-operating-system/",
        "https://en.wikipedia.org/wiki/Computer_multitasking"
    ],
    "The sun and the celestial bodies that orbit the sunincluding planets satellites asteroids comets dust and gas": [
        "https://science.nasa.gov/resource/our-solar-system-2/",
        "https://solarsystem.nasa.gov/solar-system/our-solar-system/in-depth.amp",
        "https://www.nationalgeographic.com/science/article/the-solar-system",
        "https://www.encyclopedia.com/science-and-technology/astronomy-and-space-exploration/astronomy-general/solar-system",
        "https://www.answers.com/astronomy/Which_celestial_bodies_orbit_the_Sun",
        "https://en.wikipedia.org/wiki/Solar_System",
        "https://science.nasa.gov/solar-system/solar-system-facts/",
        "https://solarsystem.nasa.gov/solar-system/sun/in-depth.amp",
        "https://www.jpl.nasa.gov/topics/asteroids",
        "https://www.britannica.com/science/solar-system"
    ],
    "Tell you about vampire bats": [
        "https://www.britannica.com/animal/vampire-bat",
        "https://en.wikipedia.org/wiki/Vampire_bat",
        "https://www.pbs.org/newshour/science/7-things-you-didnt-know-about-vampire-bats",
        "https://www.onekindplanet.org/animal/bat-common-vampire/",
        "https://kids.nationalgeographic.com/animals/mammals/facts/vampire-bat",
        "https://storyteller.travel/vampire-bats/",
        "https://animals.net/vampire-bat/",
        "https://www.nationalgeographic.com/animals/mammals/facts/common-vampire-bat",
        "https://www.snexplores.org/article/lets-learn-about-vampire-bats",
        "https://news.cals.wisc.edu/2018/10/24/five-things-everyone-should-know-about-vampire-bats/"
    ],
    "Specifying categories": [
        "https://berkeley.pressbooks.pub/tdo4p/chapter/principles-for-creating-categories/",
        "https://oxfordre.com/psychology/display/10.1093/acrefore/9780190236557.001.0001/acrefore-9780190236557-e-308",
        "https://www.biologydiscussion.com/animals-2/taxonomy/species-concept-types-and-intraspecific-categories/32392",
        "https://plato.stanford.edu/entries/aristotle-categories/",
        "https://bio.libretexts.org/Courses/Lumen_Learning/Biology_for_Majors_I_(Lumen)/15%3A_Module_13-_Theory_of_Evolution/15.17%3A_The_Taxonomic_Classification_System",
        "https://www.ncbi.nlm.nih.gov/pmc/articles/PMC2908258/",
        "https://human.libretexts.org/Bookshelves/Research_and_Information_Literacy/The_Discipline_of_Organizing_4e_(Glushko)/07%3A_Categorization%3A_Describing_Resource_Classes_and_Types/07.2%3A_The_What_and_Why_of_Categories",
        "https://berkeley.pressbooks.pub/tdo4p/chapter/the-what-and-why-of-categories/",
        "https://bio.libretexts.org/Bookshelves/Microbiology/Microbiology_(Boundless)/08%3A_Microbial_Evolution_Phylogeny_and_Diversity/8.03%3A_Microbial_Phylogeny/8.3C%3A_The_Levels_of_Classification",
        "https://en.wikibooks.org/wiki/General_Biology/Classification_of_Living_Things/Classification_and_Domains_of_Life"
    ],
    "How much does a rookie card of babe ruth cost": [
        "https://www.cgccards.com/news/article/11304/babe-ruth-rookie-card-guide/",
        "https://allvintagecards.com/babe-ruth-rookie-card/",
        "https://cardlines.com/1914-babe-ruth-rookie-card/",
        "https://gradedcardinvestor.com/babe-ruth-baseball-card/",
        "https://sportscollectorsdigest.com/news/1914-babe-ruth-rookie-card-record-sale-robert-edward-auctions",
        "https://goldcardauctions.com/baberuthrookiecardvalue/",
        "https://robbreport.com/lifestyle/sports-leisure/babe-ruth-rookie-card-auction-1235436193/",
        "https://sportscollectorsdigest.com/news/1914-babe-ruth-rookie-card-sale-value-robert-edward-auctions",
        "https://www.oldsportscards.com/babe-ruth-baseball-cards/",
        "https://robertedwardauctions.com/about/press-news/rare-babe-ruth-rookie-card-sells-for-72-million-becoming-most-expensive-ruth-item-ever-sold"
    ],
    "So what is fair trade": [
        "https://www.fairtrade.org.uk/What-is-Fairtrade/",
        "https://www.fairtradeamerica.org/why-fairtrade/the-fairtrade-difference/for-shoppers/what-is-fair-trade/",
        "https://fairworldproject.org/get-informed/movements/fair-trade/principles/",
        "https://www.britannica.com/money/fair-trade",
        "https://www.fairtrade.net/about/what-is-fairtrade",
        "https://www.fairtradecertified.org/why-fair-trade/",
        "https://www.fairtradefederation.org/what-is-fair-trade/",
        "https://www.fairtradeamerica.org/why-fairtrade/",
        "https://en.wikipedia.org/wiki/Fair_trade",
        "https://www.fairtradeamerica.org/why-fairtrade/the-fairtrade-difference/for-shoppers/how-fairtrade-works/"
    ],
    "What is the secret ingredient of coke": [
        "https://www.mashed.com/274597/heres-whats-really-in-the-secret-ingredients-of-coca-cola/",
        "https://www.youtube.com/watch?v=wMctmMin9vM",
        "https://www.thevintagenews.com/2018/08/10/coca-cola-formula/",
        "https://www.youtube.com/watch?v=gtuJx__HdpI",
        "https://www.historyoasis.com/post/coca-cola-secret-formula",
        "https://en.wikipedia.org/wiki/Coca-Cola_formula",
        "https://www.thenational.scot/news/national/uk-today/23708569.coca-cola-knows-famous-recipe-secret/",
        "https://www.coca-colacompany.com/about-us/history/coca-cola-formula-is-at-the-world-of-coca-cola",
        "https://www.snopes.com/fact-check/coca-cola-fomula/",
        "https://www.worldofcoca-cola.com/explore-inside/explore-vault-secret-formula"
    ],
    "When and how did Slobodan Milosevic die": [
        "https://www.nytimes.com/2006/03/13/world/europe/obituary-serbian-nationalist-leader-ignited-balkan-wars-of.html",
        "https://www.npr.org/2006/03/11/5257817/former-serb-leader-milosevic-dies-in-jail",
        "https://www.encyclopedia.com/people/history/yugoslavian-history-biographies/slobodan-milosevic",
        "https://en.wikipedia.org/wiki/Death_of_Slobodan_Milo%C5%A1evi%C4%87",
        "https://www.nytimes.com/2006/03/13/world/europe/milosevic-died-of-heart-attack-autopsy-shows.html",
        "https://en.wikipedia.org/wiki/Trial_of_Slobodan_Milo%C5%A1evi%C4%87",
        "https://en.wikipedia.org/wiki/Slobodan_Milo%C5%A1evi%C4%87",
        "https://www.npr.org/2006/03/11/5257846/milosevic-the-life-and-death-of-a-strongman",
        "https://www.britannica.com/biography/Slobodan-Milosevic",
        "https://www.nytimes.com/2006/03/12/world/europe/12iht-web.0312obit.html"
    ],
    "What do teardrop tattoos on your eyes symbolize": [
        "https://inkspiredmagazine.com/teardrop-tattoo-meaning-2/",
        "https://en.wikipedia.org/wiki/Teardrop_tattoo",
        "https://www.dictionary.com/e/pop-culture/teardrop-tattoo/",
        "https://tattoomean.com/what-does-a-teardrop-tattoo-mean/",
        "https://tattooclue.com/tear-drop-tattoo-meaning/",
        "https://edgytattoostudio.com/tattoo/what-does-a-teardrop-tattoo-mean/",
        "https://inkrevolt.com/what-does-a-teardrop-tattoo-mean/",
        "https://inkspiredmagazine.com/teardrop-tattoo-under-eye-meaning/",
        "https://inkcites.com/teardrop-tattoo-meaning/",
        "https://tattoodesign.com/blog/teardrop-tattoo-meaning/"
    ],
    "What colors can a Yorkie be": [
        "https://dogsacademy.org/yorkie-colors/",
        "https://www.k9web.com/breeds/yorkie-colors/",
        "https://iheartdogs.com/yorkies-colors-stunning-variations-with-pictures/",
        "https://thedogtale.com/yorkie-colors/",
        "https://happydogbreeds.com/yorkie-colors/",
        "https://coatsandcolors.com/yorkshire-terrier-color-chart/",
        "https://yorkieadvice.com/yorkie-coat-colors/",
        "https://www.oodlelife.com/yorkie-colors/",
        "https://www.yorkiepassion.com/yorkie-coat-colors/",
        "https://www.hepper.com/yorkie-colors/"
    ],
    "On neopets how can you put a code in a scroll box without the code being in the same box as another": [
        "https://support.neopets.com/hc/en-us/articles/17705702764429-HTML-Guide",
        "https://www.reddit.com/r/neopets/comments/35g940/neopetsspecific_coding_tutorials/",
        "https://www.sunnyneo.com/tutorial/scrollbar.php",
        "https://tdnforums.com/topic/19823-how-do-you-make-a-scroll-box/",
        "https://www.jellyneo.net/?go=newbies",
        "https://www.answers.com/general-arts-and-entertainment/How_do_I_make_a_scrolling_text_box_for_my_petpage_on_Neopets",
        "https://www.reddit.com/r/neopets/comments/uhmd6x/does_anyone_know_the_code_to_display_all_neopets/",
        "https://www.neopets.com/help/code/tips.phtml",
        "https://www.reddit.com/r/neopets/comments/18bphd4/help_with_coding_scroll_padding_nav/",
        "https://www.neopets.com/newnt/index.phtml?section=9482&week=77"
    ],
    "How much does it cost to rent a limo for the day in Madison WI": [
        "https://www.globallimos.com/limousine-service-madison.html",
        "https://www.madisonlimousine.com/",
        "https://a1classiclimogroup.com/limousine-service-madison-wi-to-from-ohare-and-midway-airport/",
        "https://www.madisonpartybus.com/limo.html",
        "https://www.yelp.com/search?find_desc=limo+service&find_loc=Madison%2C+WI+53715",
        "https://threebestrated.com/limo-service-in-madison-wi",
        "https://madcitylimo.com/",
        "https://www.madcitylimo.com/rates.html",
        "https://wwlimo.com/madison-limo-service/madison-limo-rates/",
        "https://www.price4limo.com/locations/wisconsin/limo-service-madison/"
    ],
    "Where is the 50 story eiffel tower located": [
        "https://thetowerinfo.com/eiffel-tower-information-facts/",
        "https://www.toureiffel.paris/en/the-monument/history",
        "https://www.travelandleisure.com/attractions/landmarks-monuments/eiffel-tower-facts",
        "https://www.toureiffel.paris/en/news/history-and-culture/15-essential-things-know-about-eiffel-tower",
        "https://www.history.com/topics/landmarks/eiffel-tower",
        "https://www.britannica.com/question/Where-is-the-Eiffel-Tower-located-in-Paris",
        "https://www.britannica.com/topic/Eiffel-Tower-Paris-France",
        "https://worldinparis.com/where-is-the-eiffel-tower",
        "https://www.toureiffel.paris/en/the-monument",
        "https://en.wikipedia.org/wiki/Eiffel_Tower"
    ],
    "What is the length of an amtrak train": [
        "https://en.wikipedia.org/wiki/List_of_Amtrak_routes",
        "https://www.journeyunknown.com/longest-amtrak-routes/",
        "https://www.amtrak.com/amtrak-facts",
        "https://www.travelandleisure.com/travel-tips/ground-transportation/how-to-travel-amtrak",
        "https://en.wikipedia.org/wiki/Amtrak",
        "https://amtrakguide.com/2022/01/06/superliner-trains-layout-routes/",
        "https://en.wikipedia.org/wiki/Long-distance_Amtrak_routes",
        "https://upgradedpoints.com/travel/amtrak-routes/",
        "https://amtrakguide.com/2019/10/21/types-of-amtrak-train-cars/",
        "https://amtrakguide.com/2020/04/17/amtrak-long-distance-train-routes/"
    ],
    "Where to give ideas for an invention": [
        "https://boldip.com/blog/how-to-patent-an-idea/",
        "https://www.cadcrowd.com/blog/21-companies-looking-for-your-invention-ideas/",
        "https://brilliantio.com/where-can-i-submit-an-invention-idea/",
        "https://patentyogi.com/patent-insider/how-to-raise-funding-for-your-invention-ideas/",
        "https://www.entrepreneur.com/leadership/inventors-heres-how-to-license-your-idea-and-make-money/356150",
        "https://www.entrepreneur.com/starting-a-business/5-steps-for-turning-your-invention-idea-into-a-product/299456",
        "https://www.uschamber.com/co/run/business-financing/how-to-get-funding-for-inventions",
        "https://foundr.com/articles/building-a-business/how-to-patent-an-idea",
        "https://gembah.com/blog/how-to-get-invention-made/",
        "https://patentyogi.com/patent-insider/got-a-eureka-heres-how-to-find-funding-for-your-next-invention/"
    ],
    "You are a big fan or shakira how you can send her a letter": [
        "https://www.wikihow.com/Write-Fan-Mail",
        "https://www.celebritydetective.com/how-do-i-make-contact-with-shakira.html",
        "https://www.mentalfloss.com/article/12835/8-celebrity-tactics-responding-fan-mail",
        "https://talesfromthecollection.com/fan_mail_example/",
        "https://shakiraworld.com/contacts/",
        "https://www.thefandom.site/shakira/",
        "https://talesfromthecollection.com/shakira/",
        "https://www.univision.com/musica/shakira-the-biggest-fan-challenge-lets-see-if-youre-as-much-as-a-fan-as-you-think",
        "http://www.fanmail.biz/1215.html",
        "https://www.wikihow.com/Write-a-Fan-Letter"
    ],
    "Code to beanie babies": [
        "https://www.reddit.com/r/beaniebabies/comments/e4vvr2/ty_beanie_baby_quick_reference_tag_charts/",
        "https://en.wikipedia.org/wiki/Beanie_Babies",
        "https://www.wikihow.com/Beanie-Baby-Value-Guide",
        "https://www.reddit.com/r/beaniecollectors/comments/ajnubg/tag_generations_what_they_are_and_what_they_mean/",
        "https://www.thetrendspotter.net/beanie-babies/",
        "https://truebluebeans.com/",
        "https://beaniepedia.com/",
        "https://beaniepedia.com/blog/tag-identification/tush-tag-identification/",
        "https://www.youtube.com/watch?v=W-6W_Rkl9Ss",
        "https://www.truelegacyhomes.com/beanie-baby-appraisal/"
    ],
    "How much is s in roman numerals": [
        "https://www.britannica.com/topic/Roman-numeral",
        "https://www.romannumerals.org/converter",
        "https://www.gigacalculator.com/converters/roman-numerals-converter.php",
        "https://www.rapidtables.com/convert/number/roman-numerals-converter.html",
        "https://www.omnicalculator.com/conversion/roman-numerals",
        "https://www.rapidtables.com/math/symbols/roman_numerals.html",
        "https://www.thecalculatorsite.com/misc/romannumerals.php",
        "https://puretables.com/roman-numeral-converter",
        "https://romannumerals.guide/chart",
        "https://goodcalculators.com/roman-numeral-converter/"
    ],
    "What is the origin of the mineral silver": [
        "https://www.mindat.org/min-3664.html",
        "https://www.chemicool.com/elements/silver.html",
        "https://www.rsc.org/periodic-table/element/47/silver",
        "https://www.providentmetals.com/knowledge-center/precious-metals-resources/geology-of-silver.html",
        "https://en.wikipedia.org/wiki/Silver",
        "https://www.britannica.com/science/silver",
        "https://www.livescience.com/37040-silver.html",
        "https://geologyscience.com/minerals/silver/",
        "https://geology.com/minerals/silver.shtml",
        "https://www.minerals.net/mineral/silver.aspx"
    ],
    "What is the principle behind the bluetooth": [
        "https://www.britannica.com/story/how-does-bluetooth-work",
        "https://robots.net/tech/what-is-bluetooth-and-how-does-it-work/",
        "https://www.popsci.com/reviews/how-does-bluetooth-work/",
        "https://www.scientificamerican.com/article/experts-how-does-bluetooth-work/",
        "https://en.wikipedia.org/wiki/Bluetooth",
        "https://www.explainthatstuff.com/howbluetoothworks.html",
        "https://www.livescience.com/how-bluetooth-works",
        "https://electronics.howstuffworks.com/bluetooth.htm",
        "https://www.iop.org/explore-physics/physics-around-you/technology-our-lives/bluetooth",
        "https://scienceline.org/2016/04/how-do-bluetooth-devices-work/"
    ],
    "What is transmission spectrum": [
        "https://webbtelescope.org/contents/articles/spectroscopy-101--types-of-spectra-and-spectroscopy",
        "https://www.sciencedirect.com/topics/physics-and-astronomy/transmission-spectrum",
        "https://chem.libretexts.org/Bookshelves/Analytical_Chemistry/Instrumental_Analysis_(LibreTexts)/13%3A_Introduction_to_Ultraviolet_Visible_Absorption_Spectrometry/13.01%3A_Transmittance_and_Absorbance",
        "https://www.sciencedirect.com/topics/medicine-and-dentistry/transmission-spectrum",
        "https://en.wikipedia.org/wiki/Absorption_spectroscopy",
        "https://en.wikipedia.org/wiki/Transmittance",
        "https://science.nasa.gov/resource/a-planets-transmission-spectrum/",
        "https://www.youtube.com/watch?v=7xdTidhfGUE",
        "https://webbtelescope.org/contents/media/images/01F8GF9XGA29AD3QWNPNKMPD1W",
        "https://www.physicsclassroom.com/class/light/Lesson-2/Light-Absorption,-Reflection,-and-Transmission"
    ],
    "How many nutrons does radon have": [
        "https://www.chemicalaid.com/element.php?symbol=Rn&hl=en",
        "https://en.wikipedia.org/wiki/Radon",
        "https://www.radontestkit.org/resources/how-many-neutrons-does-radon-have",
        "https://periodictableguide.com/radon-rn-element-periodic-table/",
        "https://material-properties.org/Radon-protons-neutrons-electrons-electron-configuration/",
        "https://periodictable.chemicalaid.com/element.php/Rn?lang=en",
        "https://www.rsc.org/periodic-table/element/86/radon",
        "https://valenceelectrons.com/radon-protons-neutrons-electrons/",
        "https://material-properties.org/radon-periodic-table-atomic-number-mass-radius-density/",
        "https://www.chemicalelements.com/elements/rn.html"
    ],
    "What color is rihanna eyes": [
        "https://www.answers.com/music-and-radio/What_color_eyes_does_Rihanna_have",
        "https://therihanna.com/personal-life/rihanna-color-eyes-what-color-is-rihannas-eyes/",
        "https://www.billionairebeauties.com/blogs/celebrity/what-is-rihannas-real-eye-color-natural-green-or-does-she-wear-coloured-contact-lenses-we-reveal-all",
        "https://celebanswers.com/what-is-rihannas-eye-color/",
        "https://www.gossipgleam.com/rihannas-eye-color-the-fascinating-story-behind-her-mesmerizing-look/",
        "https://www.youtube.com/watch?v=5T_oEESuFC8",
        "https://www.arogundade.com/rihanna-real-eye-colour-green-or-contact-lenses.html",
        "https://medicalhealthauthority.com/info/what-color-are-rihannas-eyes.html",
        "https://scopegater.com/rihanna-eye-color/",
        "https://gcelt.org/rihannas-eye-color-unraveling-the-mystery-of-her-beautiful-eyes/"
    ],
    "Who invented metal coil thermometer": [
        "https://www.thermoworks.com/thermometry101-basic-concepts-thermometer-technologies/",
        "https://blog.wika.us/knowhow/overview-temperature-measurement-bimetal-thermometers/",
        "https://en.wikipedia.org/wiki/Bimetallic_strip",
        "https://www.thoughtco.com/the-history-of-the-thermometer-1992525",
        "https://www.worldhistory.org/article/2275/the-thermometer--the-scientific-revolution/",
        "https://www.aps.org/apsnews/2022/05/fahrenheit-birth-precision-thermometry",
        "https://www.whipplemuseum.cam.ac.uk/explore-whipple-collections/meteorology/early-thermometers-and-temperature-scales/thermometer",
        "https://www.omega.com/en-us/resources/history-of-the-temperature-sensor",
        "https://theweatherstationexperts.com/history-of-thermometers/",
        "https://www.sika.net/en/sika-blog/the-low-down-on-industrial-thermometers/"
    ],
    "How did Rome really begin": [
        "https://www.nationalgeographic.com/history/history-magazine/article/ancient-rome-founded-twins-romulus-remus-etruscans",
        "https://en.wikipedia.org/wiki/History_of_Rome",
        "https://www.history.com/topics/ancient-rome",
        "https://www.historyhit.com/from-village-to-empire-the-origins-of-ancient-rome/",
        "https://www.rome.info/ancient/history/",
        "https://www.rome.net/history",
        "https://www.britannica.com/place/ancient-Rome",
        "https://en.wikipedia.org/wiki/Founding_of_Rome",
        "https://www.history.com/topics/ancient-rome/ancient-rome",
        "https://www.worldhistory.org/Rome/"
    ],
    "What part of california do corbin live in": [
        "https://www.shondaland.com/live/travel-food/a40869597/chef-keith-corbin-is-reborn-with-california-soul/",
        "https://laist.com/news/npr-news/chef-keith-corbins-journey-from-prison-to-the-kitchen-rebroadcast",
        "https://www.latimes.com/entertainment-arts/books/story/2022-08-23/book-club-keith-corbin-california-soul-asu",
        "https://www.chefkeithcorbin.com/california-soul",
        "https://www.latimes.com/entertainment-arts/books/story/2022-08-10/chef-keith-corbin-california-soul-book-club",
        "https://www.chefkeithcorbin.com/",
        "https://la.eater.com/2022/8/15/23306771/chef-keith-corbin-memoir-california-soul-alta-adams",
        "https://www.cbsnews.com/news/chef-keith-corbin-alta-epic-journey-from-watts-to-food-world-stardom/",
        "https://www.kcrw.com/culture/shows/good-food/culinary-memoirs-african-nuptial-ritual-golden-tortilla-winner/keith-corbin-california-soul-memoir",
        "https://www.amazon.com/California-Soul-American-Cooking-Survival/dp/059324382X"
    ],
    "What is the instrument called that is used to measure tornado 's": [
        "https://www.npr.org/sections/thetwo-way/2013/05/20/185610261/measuring-the-power-of-deadly-tornadoes",
        "https://www.fastcompany.com/91154653/tornado-scientists-storm-chasers-twister",
        "https://news.uchicago.edu/explainer/fujita-scale-explained",
        "https://en.wikipedia.org/wiki/TOtable_Tornado_Observatory",
        "https://www.nssl.noaa.gov/education/svrwx101/tornadoes/detection/",
        "https://www.rainviewer.com/blog/how-are-tornadoes-measured.html",
        "https://www.almanac.com/how-measure-tornadoes-ef-scale",
        "https://www.nationalgeographic.com/science/article/chasing-tornadoes-earth",
        "https://sciencing.com/tools-used-measure-tornadoes-8297640.html",
        "https://phys.org/news/2024-07-storm-chasers-tornado-scientists-tools.html"
    ],
    "How does the future look on being a lawyer": [
        "https://hls.harvard.edu/today/the-legal-profession-in-2024-democracy-salary-and-hiring-general-counsels-and-legal-education/",
        "https://www.lawsociety.org.uk/topics/business-management/partner-content/key-trends-shaping-the-future-for-lawyers-in-2024",
        "https://stfrancislaw.com/blog/10-most-promising-legal-fields-the-job-outlook-for-lawyers-in-2022/",
        "https://news.bloomberglaw.com/us-law-week/law-firms-of-the-future-will-be-different-in-three-critical-ways",
        "https://www.wolterskluwer.com/en/news/future-ready-lawyer-looks-at-top-legal-trends-shaping-2023",
        "https://www.legalcheek.com/lc-careers-posts/what-will-the-lawyer-of-the-future-look-like/",
        "https://www.bcgsearch.com/article/900054996/Exploring-the-Future-of-Law-Top-High-Growth-Legal-Practice-Areas-for-2023/",
        "https://hls.harvard.edu/today/the-legal-profession-in-2023/",
        "https://hls.harvard.edu/today/harvard-law-expert-explains-how-ai-may-transform-the-legal-profession-in-2024/",
        "https://www.wolterskluwer.com/en/know/future-ready-lawyer-2023"
    ],
    "How do you adjust brightness on your laptop": [
        "https://helpdeskgeek.com/windows-10/how-to-adjust-brightness-on-windows-10/",
        "https://pureinfotech.com/change-brightness-windows-10/",
        "https://www.lifewire.com/how-to-adjust-brightness-windows-10-4174497",
        "https://www.digitalcitizen.life/adjust-screen-brightness-windows/",
        "https://www.howtogeek.com/241771/how-to-adjust-your-pcs-screen-brightness-manually-and-automatically/",
        "https://www.howtogeek.com/749380/how-to-change-your-screen-brightness-on-windows-11/",
        "https://www.makeuseof.com/windows-10-adjust-screen-brightness/",
        "https://www.wikihow.com/Adjust-Screen-Brightness-in-Windows-10",
        "https://support.microsoft.com/en-us/windows/change-screen-brightness-in-windows-3f67a2f2-5c65-ceca-778b-5858fc007041",
        "https://laptoping.com/how-to-adjust-display-brightness-settings-on-windows-10-laptop.html"
    ],
    "Whenwhere did william morris die": [
        "https://www.thefamouspeople.com/profiles/william-morris-3212.php",
        "https://poemanalysis.com/william-morris/biography/",
        "https://en.wikipedia.org/wiki/William_Morris",
        "https://www.historytools.org/stories/william-morris-the-visionary-victorian-designer-craftsman-and-activist",
        "https://williammorrissociety.org/about-william-morris/",
        "https://www.nationaltrust.org.uk/discover/history/people/who-was-william-morris",
        "https://williammorrissociety.org/about-william-morris/timeline/",
        "https://www.britannica.com/summary/William-Morris-British-artist-and-author",
        "https://www.thetimelinegeek.com/william-morris-1834-1896/",
        "https://www.britannica.com/biography/William-Morris-British-artist-and-author"
    ],
    "How do sanction help to keep the global community safe and secure": [
        "https://news.un.org/en/story/2016/05/528382-un-sanctions-what-they-are-how-they-work-and-who-uses-them",
        "https://hulr.org/interviews-fall-2021/the-united-nations-security-council-the-enforcement-of-international-law",
        "https://www.bbc.com/news/60869640",
        "https://www.cnas.org/publications/congressional-testimony/assessing-the-use-of-sanctions-in-addressing-national-security-and-foreign-policy-challenges",
        "https://washingtondc.jhu.edu/news/do-sanctions-actually-work-experts-evaluate-the-efficacy-of-this-widely-used-foreign-policy-tool/",
        "https://globalaffairs.org/commentary-and-analysis/videos/what-are-sanctions-and-do-they-work",
        "https://news.un.org/en/story/2017/08/562792",
        "https://www.atlanticcouncil.org/commentary/feature/sanctions-explained-how-a-foreign-policy-problem-becomes-a-sanctions-program/",
        "https://theconversation.com/what-are-sanctions-do-they-ever-work-and-could-they-stop-russias-invasion-of-ukraine-177926",
        "https://globalaffairs.org/commentary-and-analysis/blogs/everything-you-need-know-about-sanctions"
    ],
    "What is the function of command xargs in linux": [
        "https://www.geeksforgeeks.org/xargs-command-unix/",
        "https://linuxconfig.org/xargs-for-beginners-with-examples",
        "https://www.linode.com/docs/guides/using-xargs-with-examples/",
        "https://linuxhandbook.com/xargs-command/",
        "https://www.baeldung.com/linux/xargs-command-tutorial",
        "https://www.howtogeek.com/435164/how-to-use-the-xargs-command-on-linux/",
        "https://www.baeldung.com/linux/xargs",
        "https://linuxize.com/post/linux-xargs-command/",
        "https://linuxtldr.com/xargs-command/",
        "https://phoenixnap.com/kb/xargs-command"
    ],
    "How does air pollution affect the food webs": [
        "https://education.seattlepi.com/pollution-affect-animal-food-webs-4753.html",
        "https://sciencing.com/food-chains-affected-water-pollution-7712.html",
        "https://pubmed.ncbi.nlm.nih.gov/19432647/",
        "https://www.sciencedirect.com/science/article/pii/S0269749123001586",
        "https://www.planetwatch.io/effects-air-pollution-on-ecosystems-and-biodiversity/",
        "https://www.environmental-expert.com/articles/how-does-air-pollution-affect-biodiversity-1120193",
        "https://www.coastalwiki.org/wiki/Pollution_and_the_food_web",
        "https://www.environmentalpollutioncenters.org/food/",
        "https://geneticliteracyproject.org/2021/06/11/how-climate-change-is-disrupting-animal-food-webs-and-what-it-might-mean-for-the-future/",
        "https://askabiologist.asu.edu/plosable/marine-food-web-collapse"
    ],
    "What was the name of the Prime Minister in Fiji in 2009": [
        "https://en.wikipedia.org/wiki/Frank_Bainimarama",
        "https://en.wikipedia.org/wiki/Prime_Minister_of_Fiji",
        "https://www.voltairenet.org/IMG/pdf/2009_political_crisis_in_Fiji.pdf",
        "https://www.fijitimes.com.fj/leaders-of-fiji/",
        "https://www.nytimes.com/2009/04/11/world/asia/11briefs-brfFIJI.html",
        "https://www.britannica.com/place/history-of-Fiji",
        "https://uca.edu/politicalscience/home/research-projects/dadm-project/asiapacific-region/fiji-1970-present/",
        "https://en.wikipedia.org/wiki/2009_Fijian_constitutional_crisis",
        "https://www.britannica.com/biography/Frank-Bainimarama",
        "https://apo.org.au/node/18636"
    ],
    "What kind of meaning do proverbs have": [
        "https://www.grammarly.com/blog/english-proverbs/",
        "https://literarydevices.net/proverb/",
        "https://languagetool.org/insights/post/what-is-a-proverb/",
        "https://englishprowess.com/proverb/",
        "https://www.thoughtco.com/proverb-definition-1691696",
        "https://literaryterms.net/proverb/",
        "https://en.wikipedia.org/wiki/Proverb",
        "https://www.britannica.com/art/proverb",
        "https://grammarist.com/proverb/",
        "https://enlightio.com/proverb-definition-examples"
    ],
    "How many planet": [
        "https://solarsystem.nasa.gov/solar-system/our-solar-system/in-depth.amp",
        "https://www.britannica.com/science/solar-system",
        "https://nineplanets.org/questions/how-many-planets-are-in-our-solar-system/",
        "https://www.worldatlas.com/space/how-many-planets-are-there-in-the-solar-system.html",
        "https://en.wikipedia.org/wiki/Planet",
        "https://science.nasa.gov/solar-system/planets/",
        "https://science.nasa.gov/solar-system/solar-system-facts/",
        "https://sciencenotes.org/how-many-planets-are-there-in-the-solar-system/",
        "https://www.astronomy.com/science/how-many-planets-are-in-the-solar-system/",
        "https://skyandtelescope.org/astronomy-resources/solar-system-planets-how-many-are-there/"
    ],
    "What is filters harmful substances from lymph": [
        "https://anatomy.co.uk/lymphatic-system/",
        "https://www.healthgrades.com/right-care/symptoms-and-conditions/lymphatic-system",
        "https://www.ncbi.nlm.nih.gov/books/NBK279391/",
        "https://www.verywellhealth.com/lymphatic-system-diagram-function-anatomy-diseases-5209610",
        "https://healthy.kaiserpermanente.org/health-wellness/health-encyclopedia/he.learning-about-your-lymphatic-system.abk9780",
        "https://my.clevelandclinic.org/health/body/21199-lymphatic-system",
        "https://www.livescience.com/26983-lymphatic-system.html",
        "https://med.libretexts.org/Bookshelves/Anatomy_and_Physiology/Human_Anatomy_(Lange_et_al.)/19%3A_Lymphatic_and_Immune_System/19.04%3A_Anatomy_of_Lymphatic_Organs_and_Tissues",
        "https://www.visiblebody.com/learn/lymphatic/lymphatic-system",
        "https://www.medicalnewstoday.com/articles/lymph-nodes"
    ],
    "How did park yong ha died": [
        "https://www.bbc.com/news/10459061",
        "https://en.yna.co.kr/view/AEN20100630005800315",
        "https://www.reuters.com/article/lifestyle/south-korean-star-park-yong-ha-found-dead-in-his-home-idUSTRE65T3ZK/",
        "https://www.soompi.com/article/360607wpp/actor-park-yong-ha-dead-at-33",
        "https://www.koreatimes.co.kr/www/nation/2024/07/719_68536.html",
        "https://www.koreatimes.co.kr/www/news/nation/2010/07/117_68565.html",
        "https://m.koreatimes.co.kr/pages/article.asp/68809",
        "https://en.wikipedia.org/wiki/Park_Yong-ha",
        "https://www.cnn.com/2010/WORLD/asiapcf/06/30/skorea.actor.dead/index.html",
        "https://en.yna.co.kr/view/AEN20100630001000315"
    ],
    "How did people make dresses in colonial times": [
        "https://www.britannica.com/topic/dress-clothing/Colonial-America",
        "https://learninglab.si.edu/collections/clothing-in-colonial-america/G8oophhHdcpUxiVp",
        "https://learninglab.si.edu/collections/17th-century-fashion-and-trends/tKXaGb9apd5b4oWf",
        "https://research.colonialwilliamsburg.org/Foundation/journal/Winter03-04/clothing.cfm",
        "https://thisfamilyblog.com/colonial-clothing-what-did-people-wear-in-the-1700s/",
        "https://www.colonialwilliamsburg.org/trend-tradition-magazine/spring-2018/made-american/",
        "https://projects.cah.ucf.edu/economyofgoods/index.php/2018/10/11/they-were-wearing-what-the-unusual-names-and-materials-used-to-make-clothes-in-colonial-america/",
        "https://www.americanrevolution.org/american-colonial-clothing/",
        "https://roleofwomenincolonialtimes.weebly.com/making-cloth.html",
        "http://museuminteractives.colonialwilliamsburg.org/history/museums/clothingexhibit/museum_learn.cfm"
    ],
    "How many liters are in a cup of milk": [
        "https://www.chefsresource.com/how-many-cups-of-milk-in-a-liter/",
        "https://www.inchcalculator.com/convert/cup-to-liter/",
        "https://www.chefsresource.com/how-many-cups-are-in-a-liter-of-milk/",
        "https://www.chefsresource.com/how-many-cups-of-milk-in-1-liter/",
        "https://www.liveeatlearn.com/how-many-cups-are-in-a-liter/",
        "https://www.calculateme.com/volume/liters/to-cups/",
        "https://www.unitconverters.net/volume/cups-to-liters.htm",
        "https://www.inchcalculator.com/convert/liter-to-cup/",
        "https://www.kitchensanity.com/measurements/cups-in-a-liter/",
        "https://www.convertunits.com/from/liters/to/cups"
    ],
    "How much does marijuana coast per ounce": [
        "https://www.newsweek.com/map-shows-price-cannabis-per-state-1910511",
        "https://elevate-holistics.com/blog/how-much-is-an-ounce-of-weed/",
        "https://herb.co/guides/everything-you-need-to-know-about-pricing-of-an-ounce-of-weed",
        "https://flavorfix.com/guides/how-much-does-weed-cost/",
        "https://www.leafly.com/news/strains-products/wheres-the-cheapest-cost-cannabis-a-state-by-state-comparison",
        "https://www.marijuanadoctors.com/blog/average-cost-of-cannabis-across-the-united-states/",
        "https://tripsitter.com/cannabis/cost/",
        "https://oxfordtreatment.com/substance-abuse/marijuana/average-cost-of-marijuana/",
        "https://thecannabiswatcher.com/pages/articles/learn/2023/3/15/cost-ounce-weed-state-by-state-analysis",
        "https://marijuanarates.com/marijuana-prices-state-average-prices-shop/"
    ],
    "What is the purpose of a steak plate": [
        "https://quizlet.com/223161821/lab-2-isolation-the-streak-plate-method-flash-cards/",
        "https://quizlet.com/303799969/microbiology-isolation-the-streak-plate-method-flash-cards/",
        "https://biocheminsider.com/streak-plate-method-principle-purpose-procedure-and-results/",
        "https://www.chefsresource.com/how-to-plate-a-steak/",
        "https://microbenotes.com/streak-plate-method-principle-methods-significance-limitations/",
        "https://asm.org/ASM/media/Protocol-Images/The-Streak-Plate-Protocol.pdf?ext=.pdf",
        "https://bio.libretexts.org/Learning_Objects/Laboratory_Experiments/Microbiology_Labs/Microbiology_Labs_II/03%3A_Obtaining_Pure_Cultures_from_a_Mixed_Population/3.02%3A_Streak_Plate_Method_of_Isolation",
        "https://bio.libretexts.org/Courses/City_College_of_San_Francisco/Microbiology_Lab_Manual_(Miraglia)/01%3A_New_Page/1.05%3A_Aseptic_Technique_and_Streak_Plates",
        "https://microbeonline.com/streak-plate-method-principle-purpose-procedure-results/",
        "https://laboratoryinfo.com/streak-plate-method/"
    ],
    "What is the name of the four sperm cells": [
        "https://my.clevelandclinic.org/health/body/sperm",
        "https://bio.libretexts.org/Bookshelves/Human_Biology/Book%3A_Human_Biology_(Wakim_and_Grewal)/22%3A_Reproductive_System/22.04%3A_Functions_of_the_Male_Reproductive_System",
        "https://www.microscopemaster.com/sperm-cells.html",
        "https://www.invitra.com/en/sperm-cell/",
        "https://www.britannica.com/science/sperm",
        "https://biologydictionary.net/sperm-cell/",
        "https://bio.libretexts.org/Bookshelves/Human_Biology/Human_Anatomy_Lab/22%3A_The_Reproductive_System_(Male)/22.03%3A_Sperm",
        "https://microbenotes.com/sperm-cell/",
        "https://www.kenhub.com/en/library/anatomy/spermatozoa",
        "https://en.wikipedia.org/wiki/Sperm"
    ],
    "What is the longitudes of delhi": [
        "https://www.latitudelongitude.org/in/delhi/",
        "https://latitude.to/map/in/india/cities/new-delhi",
        "https://latitude.to/map/in/india/cities/delhi",
        "https://latitude.to/articles-by-country/in/india/221/delhi",
        "https://www.latlong.net/place/new-delhi-delhi-india-2441.html",
        "https://www.geodatos.net/en/coordinates/india/delhi",
        "https://www.geodatos.net/en/coordinates/india/new-delhi",
        "https://dateandtime.info/citycoordinates.php?id=1261481",
        "https://www.mapsofindia.com/lat_long/delhi/",
        "https://www.latlong.net/place/delhi-india-27572.html"
    ],
    "How is columbia related to venezuela": [
        "https://www.crisisgroup.org/latin-america-caribbean/andes/colombia/fragile-crucial-relations-between-venezuela-and-colombia",
        "https://apnews.com/article/politics-colombia-venezuela-government-eb6b3a38102b90cb128e4a8dc6e720cd",
        "https://www.france24.com/en/americas/20220829-venezuela-and-colombia-restore-diplomatic-ties-after-3-years",
        "https://www.crisisgroup.org/latin-america-caribbean/andes/colombiavenezuela/97-ties-without-strings-rebuilding-relations-between",
        "https://en.wikipedia.org/wiki/Colombia%E2%80%93Venezuela_relations",
        "https://www.cnn.com/2022/08/29/americas/colombia-and-venezuela-reestablish-diplomatic-relations-intl-latam/index.html",
        "https://www.aljazeera.com/news/2022/11/1/colombia-venezuela-presidents-to-meet-as-ties-keep-improving",
        "https://www.voanews.com/a/venezuela-colombia-restore-diplomatic-ties-after-three-year-break/6720626.html",
        "https://www.npr.org/2022/09/25/1124974230/colombia-and-venezuela-are-re-opening-their-border-after-seven-years",
        "https://www.aljazeera.com/news/2022/8/29/venezuela-colombia-restore-full-diplomatic-ties"
    ],
    "Fiona wood what is she famous for": [
        "https://www.britannica.com/biography/Fiona-Wood",
        "https://www.abc.net.au/listen/programs/lifematters/under-her-skin-plastic-surgeon-fiona-wood/101480818",
        "https://www.abc.net.au/listen/programs/radionational-breakfast/biography-explores-the-life-of-pioneering-surgeon-fiona-wood/101506788",
        "https://en.wikipedia.org/wiki/Fiona_Wood",
        "https://australianoftheyear.org.au/recipients/dr-fiona-wood-am",
        "https://www.science.org.au/learning/general-audience/history/interviews-australian-scientists/dr-fiona-wood-plastic-surgeon",
        "https://www.fionawoodfoundation.org.au/fiona-wood",
        "https://www.smh.com.au/national/bali-bombings-hero-fiona-wood-the-next-frontier-in-burns-treatment-20220726-p5b4k5.html",
        "https://www.fionawoodfoundation.org.au/fiona-wood/under-her-skin",
        "https://www.abc.net.au/listen/programs/bigideas/a-force-for-good:-fiona-woods-passion-for-medicine-and-medical/11055154"
    ],
    "What sounds does brakes make": [
        "https://knowhow.napaonline.com/noisy-brakes-telltale-signs-of-trouble-you-shouldnt-ignore/",
        "https://brakemax.com/what-do-brake-sounds-mean/",
        "https://autoquarterly.com/brakes-making-a-noise/",
        "https://mechanicbase.com/brakes/brake-noise-causes/",
        "https://www.carsdirect.com/car-repair/understand-brake-noise-for-a-proper-diagnosis",
        "https://www.autonationmobileservice.com/i/blog/brake-noise/",
        "https://discover.hubpages.com/autos/Brake-Noises-What-Causes-Brake-Noises-and-How-to-Fix-Them",
        "https://www.yourmechanic.com/article/how-to-diagnose-and-repair-noisy-brakes-by-robert-tomashek",
        "https://knowhow.napaonline.com/3-kinds-brake-noise-never-ignore/",
        "https://www.pepboys.com/car-care/auto-care/brakes-squealing"
    ],
    "What nationality are the people in germany": [
        "https://en.wikipedia.org/wiki/Demographics_of_Germany",
        "https://en.wikipedia.org/wiki/Germany",
        "https://www.destatis.de/EN/Themes/Society-Environment/Population/Current-Population/Tables/lrbev02a.html",
        "https://www.britannica.com/place/Germany/Ethnic-groups",
        "https://www.destatis.de/EN/Themes/Society-Environment/Population/Current-Population/Tables/population-by-nationality-groups.html",
        "https://www.britannica.com/video/213473/Germany-origins-who-are-the-German-people-history-culture",
        "https://www.destatis.de/EN/Themes/Society-Environment/Population/Current-Population/Tables/population-by-laender.html",
        "https://www.cia.gov/the-world-factbook/countries/germany/",
        "https://en.wikipedia.org/wiki/Germans",
        "https://www.britannica.com/place/Germany/People"
    ],
    "What niche do plants have": [
        "https://www.nature.com/articles/s41477-019-0569-7",
        "https://microbenotes.com/ecological-niche-definition-components-types-examples/",
        "https://sciencing.com/ecological-niche-definition-types-importance-examples-13719219.html",
        "https://www.sciencedirect.com/science/article/pii/0169534787901972",
        "https://www.cell.com/trends/ecology-evolution/fulltext/0169-5347(87)90197-2",
        "https://www.nationalgeographic.org/encyclopedia/niche/",
        "https://www.sciencedirect.com/science/article/pii/S0169534704002630",
        "https://biologydictionary.net/ecological-niche/",
        "https://www.science.org/content/article/how-plants-carve-niche",
        "https://www.cell.com/trends/ecology-evolution/fulltext/S0169-5347(04)00263-0"
    ],
    "How many gold medals did mia hamm earn": [
        "https://en.as.com/en/2021/08/02/olympic_games/1627902152_711156.html",
        "https://www.biography.com/athletes/mia-hamm",
        "https://www.livesoccertv.com/news/33686/short-biography-throwing-it-back-on-mia-hamm-s-birthday/",
        "https://www.ussoccerhistory.org/national-soccer-hall-of-fame-biographies/national-soccer-hall-of-fame-player-biographies/mia-hamm/",
        "https://olympics.com/en/athletes/mia-hamm",
        "https://www.olympedia.org/athletes/27678",
        "https://en.wikipedia.org/wiki/Mia_Hamm",
        "https://www.bustle.com/rule-breakers/mia-hamm-soccer-sydney-olympics-life-at-28-interview",
        "https://www.britannica.com/biography/Mia-Hamm",
        "https://fbref.com/en/players/c2234535/Mia-Hamm"
    ],
    "What did Roger Bannister": [
        "https://www.guinnessworldrecords.com/records/hall-of-fame/first-sub-four-minute-mile",
        "https://www.espn.com/sports/endurance/story/_/id/22677426/the-story-runner-roger-bannister-greatest-living-englishman",
        "https://www.smithsonianmag.com/smart-news/five-things-know-about-roger-bannister-first-person-break-four-minute-mile-180968344/",
        "https://www.history.com/this-day-in-history/first-four-minute-mile",
        "https://www.britannica.com/biography/Roger-Bannister",
        "https://www.bbc.com/sport/athletics/43273249",
        "https://www.bbc.co.uk/news/uk-11764114",
        "https://www.history.com/news/the-first-4-minute-mile-60-years-ago",
        "https://en.wikipedia.org/wiki/Roger_Bannister",
        "https://www.nytimes.com/2018/03/04/obituaries/roger-bannister-dead.html"
    ],
    "How much does a medical abortion cost at three weeks": [
        "https://www.nerdwallet.com/article/health/abortion-cost",
        "https://www.plannedparenthood.org/learn/abortion/the-abortion-pill/how-do-i-get-the-abortion-pill",
        "https://www.webmd.com/women/abortion-procedures",
        "https://www.businessinsider.com/guides/health/reproductive-health/how-much-does-an-abortion-cost?op=1",
        "https://www.webmd.com/women/abortion-pill-medical-abortion-overview",
        "https://www.plannedparenthood.org/blog/how-much-does-an-abortion-cost",
        "https://www.healthline.com/health/how-much-does-an-abortion-cost",
        "https://www.nytimes.com/interactive/2022/09/28/us/abortion-costs-funds.html",
        "https://money.usnews.com/money/personal-finance/family-finance/articles/this-is-how-much-an-abortion-costs",
        "https://my.clevelandclinic.org/health/treatments/21899-medical-abortion"
    ],
    "What is rank 2nd in populated city": [
        "https://ballotpedia.org/Largest_cities_in_the_United_States_by_population",
        "https://worldpopulationreview.com/us-cities",
        "https://worldpopulationreview.com/cities",
        "https://www.britannica.com/topic/list-of-the-worlds-largest-cities-by-population",
        "https://en.wikipedia.org/wiki/List_of_United_States_cities_by_population",
        "https://en.wikipedia.org/wiki/List_of_largest_cities",
        "https://en.wikipedia.org/wiki/List_of_North_American_cities_by_population",
        "https://www.britannica.com/topic/Whats-the-largest-US-city-by-population",
        "https://www.infoplease.com/us/cities/top-50-cities-us-population-and-rank",
        "https://www.biggestuscities.com/"
    ],
    "What do mexicans houses look like": [
        "https://www.dezeen.com/2018/06/01/eight-best-recently-completed-mexican-houses/",
        "https://www.hunker.com/13412595/traditional-styles-of-mexican-homes/",
        "https://www.nytimes.com/2021/02/15/t-magazine/guadalajara-homes-design-architecture.html",
        "https://www.archdaily.com/893830/mexican-houses-that-show-the-many-ways-to-use-bricks",
        "https://blog.dwellworks.com/top-4-differences-between-american-mexican-housing",
        "https://www.dezeen.com/2022/04/29/ten-houses-that-showcase-mexicos-contemporary-architecture/",
        "https://www.homedit.com/mexican-homes/",
        "https://www.architecturaldigest.com/gallery/casa-merida-mexican-homes-and-architecture",
        "https://www.dwell.com/article/mexico-city-modern-homes-ec6d3305",
        "https://www.dezeen.com/2016/05/05/today-we-like-mexican-houses-architecture/"
    ],
    "64 millilitres how many litres": [
        "https://www.theunitconverter.com/milliliter-to-liter-conversion/64-milliliter-to-liter.html",
        "https://www.checkyourmath.com/convert/volume/ml_liters.php",
        "https://www.unitconverters.net/volume/ml-to-l.htm",
        "https://convertlive.com/u/convert/milliliters/to/liters",
        "https://www.metric-conversions.org/volume/milliliters-to-liters.htm",
        "https://www.convertunits.com/from/ml/to/l",
        "https://www.calculateme.com/volume/milliliters/to-liters/64",
        "https://www.calculateme.com/volume/milliliters/to-liters/",
        "https://getcalculators.com/conversions/ml-to-l",
        "https://www.thecalculatorsite.com/conversions/liquidvolume/milliliters-to-liters.php"
    ],
    "You want to text dirty with your boyfriend what should you say": [
        "https://www.yahoo.com/lifestyle/talk-dirty-according-3-sex-020000337.html",
        "https://www.wikihow.com/Send-Dirty-Texts",
        "https://bestlifeonline.com/flirty-texts/",
        "https://discover.hubpages.com/relationships/how-to-turn-a-guy-on-by-text",
        "https://www.zoosk.com/date-mix/texting/sexting-chat/",
        "https://liveboldandbloom.com/03/relationships/dirty-pick-up-lines",
        "https://www.theknot.com/content/sexting-ideas",
        "https://www.zoosk.com/date-mix/texting/subtle-and-seductive-text-messages-for-him/",
        "https://ponly.com/dirty-text-messages/",
        "https://timesofindia.indiatimes.com/life-style/relationships/love-sex/hottest-texts-that-will-instantly-put-your-man-in-the-mood/articleshow/81430038.cms"
    ],
    "Can you give me example of anecdotes by the filipino writers": [
        "https://metro.style/culture/books/18-filipino-lit-reads/25611",
        "https://theculturetrip.com/asia/philippines/articles/the-10-best-books-in-philippine-literature",
        "https://thenextsomewhere.com/2021/04/12/16-books-filipina-authors-reading-list/",
        "https://philnews.ph/2022/03/16/philippine-authors-and-their-works-some-legendary-authors-ph/",
        "https://mb.com.ph/2018/11/25/10-filipino-novels-you-should-read/",
        "https://filipiknow.net/filipino-writers/",
        "https://becomeawritertoday.com/best-filipino-authors/",
        "https://www.esquiremag.ph/culture/books-and-art/5-terrific-filipino-writers-with-books-on-filipino-folklore-a1889-20180810-lfrm",
        "https://theculturetrip.com/asia/philippines/articles/the-filipino-authors-you-should-know",
        "https://topten.ph/2014/12/04/10-pinoy-writers-shaped-philippine-culture-like/"
    ]
}